"","SOU","LL","KM","AI","EN","AS","LER","JT","UEM"
"SOU",0,0.17423,0.07711,0.02062,0.09878,0.51591,0.45097,0.24715,1.67747
"LL",0.17423,0,0.10572,0.06543,0.02985,0.16781,0.09523,0.10818,1.28277
"KM",0.07711,0.10572,0,-0.02865,0.0176,0.1985,0.24307,0.32065,1.79021
"AI",0.02062,0.06543,-0.02865,0,-0.07538,0.08728,0.19567,0.07651,1.8081
"EN",0.09878,0.02985,0.0176,-0.07538,0,0.07474,0.08974,0.15814,1.74441
"AS",0.51591,0.16781,0.1985,0.08728,0.07474,0,0.02527,0.18342,1.46623
"LER",0.45097,0.09523,0.24307,0.19567,0.08974,0.02527,0,0.12811,1.52949
"JT",0.24715,0.10818,0.32065,0.07651,0.15814,0.18342,0.12811,0,1.25275
"UEM",1.67747,1.28277,1.79021,1.8081,1.74441,1.46623,1.52949,1.25275,0
